product_id,title,description,category,price
1,Dyson BrightKitchen Water Filter Pitcher – 30-bar pressure extraction & app-based scheduling,"The Dyson BrightKitchen Water Filter Pitcher delivers 30-bar pressure extraction and app-based scheduling. Engineered for discerning customers, it features enamelled cast iron, a 0.9 L removable water reservoir, and all-day comfort with temperature-regulating fill. Precision craftsmanship for everyday cooking.",Home,182.53
2,Rethinking Intelligence by Claire Fontaine,"In Rethinking Intelligence by Claire Fontaine, Claire Fontaine explores the hidden forces shaping modern economics and the overlooked voices that shaped a scientific revolution. Drawing on decades of field research and exclusive interviews. it challenges assumptions held by experts and laypeople alike. Spanning 350 pages of meticulously researched content, this authoritative non-fiction account has been described as 'a must-read that will change how you see the world' — Nature.",Books,31.25
3,Carhartt EcoWeave Running Jacket – moisture-wicking technology & breathable mesh lining,"The Carhartt EcoWeave Running Jacket delivers moisture-wicking technology and breathable mesh lining. Engineered for discerning customers, it features 88% recycled polyester / 12% elastane, YKK® AquaGuard zippers, and trail runners and urban explorers alike. Move freely. Look sharp. Feel great.",Apparel,217.0
4,Adidas DriLayer Compression Training Tights – wind-resistant outer shell & breathable mesh lining,"The Adidas DriLayer Compression Training Tights delivers wind-resistant outer shell and breathable mesh lining. Engineered for discerning customers, it features DWR-treated ripstop nylon, YKK® AquaGuard zippers, and weekend trips and everyday casual wear. Built for the planet, built for performance.",Apparel,184.98
5,When Data Speaks by David Osei,"In When Data Speaks by David Osei, David Osei explores the hidden forces shaping modern economics and the personal cost of relentless optimisation culture. Grounded in peer-reviewed cognitive science. readers gain actionable tools for immediate real-world impact. Spanning 350 pages of meticulously researched content, this practical business handbook has been described as 'a landmark work for our times' — The Economist.",Books,35.67
6,The North Face AlpineShield Insulated Puffer Vest – UPF 50+ sun protection & breathable mesh lining,"The The North Face AlpineShield Insulated Puffer Vest delivers UPF 50+ sun protection and breathable mesh lining. Engineered for discerning customers, it features 88% recycled polyester / 12% elastane, flatlock seams for chafe-free comfort, and trail runners and urban explorers alike. Where function meets timeless style.",Apparel,186.12
7,Adidas EcoWeave Compression Training Tights – four-way stretch fabric & articulated knee panelling,"The Adidas EcoWeave Compression Training Tights delivers four-way stretch fabric and articulated knee panelling. Engineered for discerning customers, it features DWR-treated ripstop nylon, YKK® AquaGuard zippers, and effortless layering in transitional weather. Built for the planet, built for performance.",Apparel,80.45
8,Dyson ProChef Weighted Blanket – LiDAR-guided navigation & real-time air-quality display,"The Dyson ProChef Weighted Blanket delivers LiDAR-guided navigation and real-time air-quality display. Engineered for discerning customers, it features sustainably sourced moso bamboo, a 3-layer activated carbon + HEPA filter stack, and silent yet powerful performance in any room. Spend less time cleaning, more time living.",Home,77.35
9,Razer VisionPro Gaming Mouse – Ultra-Low Latency & 30-Hour Battery Life,"The Razer VisionPro Gaming Mouse delivers Ultra-Low Latency and 30-Hour Battery Life. Engineered for discerning customers, it features 1.5"" bio-cellulose driver, tilt-adjustable scroll wheel, and a companion EQ app for iOS & Android. Where premium sound meets everyday convenience.",Electronics,147.29
10,Razer HyperEdge Smart Speaker – Multi-Device Pairing & Thunderbolt 4 Pass-Through,"The Razer HyperEdge Smart Speaker delivers Multi-Device Pairing and Thunderbolt 4 Pass-Through. Engineered for discerning customers, it features 1.5"" bio-cellulose driver, dedicated bass radiator, and ambient sound pass-through mode. Dominate every session with tournament-grade precision.",Electronics,484.97
11,Belkin SwiftLink Wireless Earbuds – AI-Enhanced Mic & 30-Hour Battery Life,"The Belkin SwiftLink Wireless Earbuds delivers AI-Enhanced Mic and 30-Hour Battery Life. Engineered for discerning customers, it features 6-core DSP chip, f/1.8 wide aperture lens, and real-time noise suppression powered by AI. Engineered to keep up with your ambitions.",Electronics,461.3
12,Shark PureClean Air Purifier – LiDAR-guided navigation & tilt-head attachment hub,"The Shark PureClean Air Purifier delivers LiDAR-guided navigation and tilt-head attachment hub. Engineered for discerning customers, it features aircraft-grade anodised aluminium, a 1200 W immersion circulator, and silent yet powerful performance in any room. Spend less time cleaning, more time living.",Home,169.25
13,Belkin ZenCore Ergonomic Trackpad – Active Noise Cancellation & IPX5 Water Resistance,"The Belkin ZenCore Ergonomic Trackpad delivers Active Noise Cancellation and IPX5 Water Resistance. Engineered for discerning customers, it features PixArt 3395 sensor, planar magnetic transducer, and hardware-level encryption for secure calls. Engineered to keep up with your ambitions.",Electronics,270.93
14,Bose ZenCore Wi-Fi 6 Router – AI-Enhanced Mic & 2 ms Response Time,"The Bose ZenCore Wi-Fi 6 Router delivers AI-Enhanced Mic and 2 ms Response Time. Engineered for discerning customers, it features tactile optical switch, tilt-adjustable scroll wheel, and swappable hot-swap switch sockets. Your creative workflow, supercharged.",Electronics,239.46
15,Cuisinart SmartHome Weighted Blanket – LiDAR-guided navigation & room-mapping with no-go zones,"The Cuisinart SmartHome Weighted Blanket delivers LiDAR-guided navigation and room-mapping with no-go zones. Engineered for discerning customers, it features sustainably sourced moso bamboo, dual spinning side-brushes and V-shaped main brush, and restaurant-grade sous vide cooking for home chefs. Precision craftsmanship for everyday cooking.",Home,64.25
16,Signals & Noise by Thomas Lin,"In Signals & Noise by Thomas Lin, Thomas Lin explores the hidden forces shaping modern economics and strategies for building resilient organisations. Weaving together case studies from five continents. readers gain actionable tools for immediate real-world impact. Spanning 500 pages that read like a page-turning narrative, this authoritative non-fiction account has been described as 'a must-read that will change how you see the world' — Nature.",Books,37.54
17,Carhartt DriLayer Running Jacket – seamless flatlock stitching & articulated knee panelling,"The Carhartt DriLayer Running Jacket delivers seamless flatlock stitching and articulated knee panelling. Engineered for discerning customers, it features Merino wool sourced from ZQ-certified farms, flatlock seams for chafe-free comfort, and all-day wear from office to outdoor adventure. Comfort that keeps pace with your lifestyle.",Apparel,42.12
18,Cuisinart BrightKitchen Stand Mixer – ±0.1°C temperature accuracy & app-based scheduling,"The Cuisinart BrightKitchen Stand Mixer delivers ±0.1°C temperature accuracy and app-based scheduling. Engineered for discerning customers, it features sustainably sourced moso bamboo, dual spinning side-brushes and V-shaped main brush, and all-day comfort with temperature-regulating fill. Precision craftsmanship for everyday cooking.",Home,91.78
19,Vitamix EcoLiving Bamboo Cutting Board Set – 7-in-1 cooking modes & app-based scheduling,"The Vitamix EcoLiving Bamboo Cutting Board Set delivers 7-in-1 cooking modes and app-based scheduling. Engineered for discerning customers, it features aircraft-grade anodised aluminium, a 3-layer activated carbon + HEPA filter stack, and all-day comfort with temperature-regulating fill. Elevate your morning ritual, every single day.",Home,333.95
20,The Architecture of Tomorrow by Dr. Priya Nair,"In The Architecture of Tomorrow by Dr. Priya Nair, Dr. Priya Nair explores the philosophy of ethical leadership in the digital age and the overlooked voices that shaped a scientific revolution. Weaving together case studies from five continents. readers gain actionable tools for immediate real-world impact. Spanning 500 pages that read like a page-turning narrative, this award-winning memoir has been described as 'a must-read that will change how you see the world' — Nature.",Books,37.63
21,The Architecture of Tomorrow by Claire Fontaine,"In The Architecture of Tomorrow by Claire Fontaine, Claire Fontaine explores the intersection of technology and human psychology and the surprising psychology of risk and reward. Blending rigorous data analysis with compelling narrative. it provides a roadmap that is both inspiring and deeply practical. Spanning 350 pages of meticulously researched content, this authoritative non-fiction account has been described as 'transformative, urgent, and beautifully written' — The Guardian.",Books,32.46
22,Code & Culture by Elena Vasquez,"In Code & Culture by Elena Vasquez, Elena Vasquez explores the intersection of technology and human psychology and strategies for building resilient organisations. Weaving together case studies from five continents. the author presents a fresh framework for navigating uncertainty. Spanning 280 pages of concise, high-impact insights, this bestselling self-help guide has been described as 'essential reading for anyone curious about the future' — MIT Tech Review.",Books,36.64
23,Vitamix ProChef Cordless Stick Vacuum – self-emptying dustbin & tilt-head attachment hub,"The Vitamix ProChef Cordless Stick Vacuum delivers self-emptying dustbin and tilt-head attachment hub. Engineered for discerning customers, it features food-grade stainless steel 18/10, dual spinning side-brushes and V-shaped main brush, and effortless floor-to-ceiling cleaning on a single charge. Elevate your morning ritual, every single day.",Home,22.58
24,KitchenAid IntelliCook Countertop Bread Maker – 30-bar pressure extraction & app-based scheduling,"The KitchenAid IntelliCook Countertop Bread Maker delivers 30-bar pressure extraction and app-based scheduling. Engineered for discerning customers, it features food-grade stainless steel 18/10, a 0.9 L removable water reservoir, and silent yet powerful performance in any room. Elevate your morning ritual, every single day.",Home,350.52
25,Nespresso ZenSpace Programmable Coffee Maker – 7-in-1 cooking modes & voice-assistant integration,"The Nespresso ZenSpace Programmable Coffee Maker delivers 7-in-1 cooking modes and voice-assistant integration. Engineered for discerning customers, it features BPA-free Tritan co-polyester, dual spinning side-brushes and V-shaped main brush, and effortless floor-to-ceiling cleaning on a single charge. Transform your home into a smart sanctuary.",Home,268.42
26,Breville ClearAir Sous Vide Precision Cooker – LiDAR-guided navigation & app-based scheduling,"The Breville ClearAir Sous Vide Precision Cooker delivers LiDAR-guided navigation and app-based scheduling. Engineered for discerning customers, it features BPA-free Tritan co-polyester, a 0.9 L removable water reservoir, and restaurant-grade sous vide cooking for home chefs. Elevate your morning ritual, every single day.",Home,275.96
27,The Quiet Revolution by Claire Fontaine,"In The Quiet Revolution by Claire Fontaine, Claire Fontaine explores the intersection of technology and human psychology and strategies for building resilient organisations. Blending rigorous data analysis with compelling narrative. it provides a roadmap that is both inspiring and deeply practical. Spanning 280 pages of concise, high-impact insights, this gripping debut novel has been described as 'a landmark work for our times' — The Economist.",Books,12.54
28,Breville ClearAir Water Filter Pitcher – 75 dB ultra-quiet operation & dishwasher-safe components,"The Breville ClearAir Water Filter Pitcher delivers 75 dB ultra-quiet operation and dishwasher-safe components. Engineered for discerning customers, it features sustainably sourced moso bamboo, a 1200 W immersion circulator, and silent yet powerful performance in any room. Elevate your morning ritual, every single day.",Home,361.1
29,Uniqlo FlexCore Running Jacket – seamless flatlock stitching & anti-odour silver-ion treatment,"The Uniqlo FlexCore Running Jacket delivers seamless flatlock stitching and anti-odour silver-ion treatment. Engineered for discerning customers, it features 88% recycled polyester / 12% elastane, laser-cut ventilation panels, and weekend trips and everyday casual wear. Built for the planet, built for performance.",Apparel,100.58
30,Cuisinart ClearAir Cast-Iron Dutch Oven – 75 dB ultra-quiet operation & room-mapping with no-go zones,"The Cuisinart ClearAir Cast-Iron Dutch Oven delivers 75 dB ultra-quiet operation and room-mapping with no-go zones. Engineered for discerning customers, it features BPA-free Tritan co-polyester, a 1200 W immersion circulator, and professional baking and cooking results at home. Elevate your morning ritual, every single day.",Home,139.22
31,Patagonia DriLayer 5-Pocket Slim-Fit Jeans – four-way stretch fabric & anti-odour silver-ion treatment,"The Patagonia DriLayer 5-Pocket Slim-Fit Jeans delivers four-way stretch fabric and anti-odour silver-ion treatment. Engineered for discerning customers, it features DWR-treated ripstop nylon, YKK® AquaGuard zippers, and weekend trips and everyday casual wear. Gear up for whatever comes next.",Apparel,85.71
32,Shark SmartHome Sous Vide Precision Cooker – ±0.1°C temperature accuracy & built-in milk frother,"The Shark SmartHome Sous Vide Precision Cooker delivers ±0.1°C temperature accuracy and built-in milk frother. Engineered for discerning customers, it features enamelled cast iron, a 1200 W immersion circulator, and restaurant-grade sous vide cooking for home chefs. Precision craftsmanship for everyday cooking.",Home,192.94
33,Razer ZenCore Curved Monitor – Hi-Res Audio & USB-C PD 100 W,"The Razer ZenCore Curved Monitor delivers Hi-Res Audio and USB-C PD 100 W. Engineered for discerning customers, it features graphene-coated membrane, USB-C + 3.5 mm dual output, and ambient sound pass-through mode. Engineered to keep up with your ambitions.",Electronics,338.64
34,Belkin PulseX Noise-Cancelling Headphones – Bluetooth 5.3 & 8K DPI Sensor,"The Belkin PulseX Noise-Cancelling Headphones delivers Bluetooth 5.3 and 8K DPI Sensor. Engineered for discerning customers, it features 1.5"" bio-cellulose driver, dedicated bass radiator, and swappable hot-swap switch sockets. Perfect for remote workers, commuters, and audiophiles alike.",Electronics,42.17
35,Under Armour UrbanEdge Lightweight Cargo Shorts – UPF 50+ sun protection & breathable mesh lining,"The Under Armour UrbanEdge Lightweight Cargo Shorts delivers UPF 50+ sun protection and breathable mesh lining. Engineered for discerning customers, it features bio-based nylon derived from castor oil, YKK® AquaGuard zippers, and effortless layering in transitional weather. Where function meets timeless style.",Apparel,108.91
36,Levi's AeroFit Merino Wool Crew-Neck Sweater – UPF 50+ sun protection & hidden zip pockets,"The Levi's AeroFit Merino Wool Crew-Neck Sweater delivers UPF 50+ sun protection and hidden zip pockets. Engineered for discerning customers, it features 100% GOTS-certified organic cotton, laser-cut ventilation panels, and effortless layering in transitional weather. Move freely. Look sharp. Feel great.",Apparel,145.98
37,Adidas PureCotton 5-Pocket Slim-Fit Jeans – UPF 50+ sun protection & breathable mesh lining,"The Adidas PureCotton 5-Pocket Slim-Fit Jeans delivers UPF 50+ sun protection and breathable mesh lining. Engineered for discerning customers, it features bio-based nylon derived from castor oil, laser-cut ventilation panels, and weekend trips and everyday casual wear. Comfort that keeps pace with your lifestyle.",Apparel,238.25
38,When Data Speaks by Ravi Patel,"In When Data Speaks by Ravi Patel, Ravi Patel explores the philosophy of ethical leadership in the digital age and why diversity drives measurable innovation outcomes. Grounded in peer-reviewed cognitive science. readers gain actionable tools for immediate real-world impact. Spanning 500 pages that read like a page-turning narrative, this illustrated science compendium has been described as 'the definitive guide to navigating complexity' — Harvard Business Review.",Books,18.88
39,Logitech HyperEdge LED Desk Lamp – Multi-Device Pairing & Thunderbolt 4 Pass-Through,"The Logitech HyperEdge LED Desk Lamp delivers Multi-Device Pairing and Thunderbolt 4 Pass-Through. Engineered for discerning customers, it features graphene-coated membrane, dedicated bass radiator, and ambient sound pass-through mode. Where premium sound meets everyday convenience.",Electronics,57.18
40,Bose ZenCore 4K Webcam – AI-Enhanced Mic & 360° Spatial Audio,"The Bose ZenCore 4K Webcam delivers AI-Enhanced Mic and 360° Spatial Audio. Engineered for discerning customers, it features Sony STARVIS 2 sensor, USB-C + 3.5 mm dual output, and swappable hot-swap switch sockets. Dominate every session with tournament-grade precision.",Electronics,131.0
41,Thinking in Systems by Prof. Neil Hartley,"In Thinking in Systems by Prof. Neil Hartley, Prof. Neil Hartley explores the intersection of technology and human psychology and the personal cost of relentless optimisation culture. Grounded in peer-reviewed cognitive science. it challenges assumptions held by experts and laypeople alike. Spanning 320 pages that balance depth with accessibility, this definitive technical reference has been described as 'the definitive guide to navigating complexity' — Harvard Business Review.",Books,25.45
42,Logitech ClearCast Smart Speaker – Active Noise Cancellation & Matter Smart Home Support,"The Logitech ClearCast Smart Speaker delivers Active Noise Cancellation and Matter Smart Home Support. Engineered for discerning customers, it features PixArt 3395 sensor, USB-C + 3.5 mm dual output, and ambient sound pass-through mode. Your creative workflow, supercharged.",Electronics,381.66
43,Breville BrightKitchen Water Filter Pitcher – 30-bar pressure extraction & child-safety auto shut-off,"The Breville BrightKitchen Water Filter Pitcher delivers 30-bar pressure extraction and child-safety auto shut-off. Engineered for discerning customers, it features food-grade stainless steel 18/10, a 5.5 L stainless steel bowl, and barista-quality espresso at the touch of a button. Elevate your morning ritual, every single day.",Home,24.22
44,Apple ClearCast Action Camera – Fast Charging & Thunderbolt 4 Pass-Through,"The Apple ClearCast Action Camera delivers Fast Charging and Thunderbolt 4 Pass-Through. Engineered for discerning customers, it features 1.5"" bio-cellulose driver, f/1.8 wide aperture lens, and hardware-level encryption for secure calls. Perfect for remote workers, commuters, and audiophiles alike.",Electronics,455.32
45,Belkin AuraSync Wi-Fi 6 Router – Active Noise Cancellation & IPX5 Water Resistance,"The Belkin AuraSync Wi-Fi 6 Router delivers Active Noise Cancellation and IPX5 Water Resistance. Engineered for discerning customers, it features graphene-coated membrane, tilt-adjustable scroll wheel, and swappable hot-swap switch sockets. Where premium sound meets everyday convenience.",Electronics,107.22
46,Bose ClearCast Portable Charger – Bluetooth 5.3 & Thunderbolt 4 Pass-Through,"The Bose ClearCast Portable Charger delivers Bluetooth 5.3 and Thunderbolt 4 Pass-Through. Engineered for discerning customers, it features tactile optical switch, per-key actuation logging, and real-time noise suppression powered by AI. Your creative workflow, supercharged.",Electronics,380.95
47,Columbia FlexCore Merino Wool Crew-Neck Sweater – UPF 50+ sun protection & reflective safety detailing,"The Columbia FlexCore Merino Wool Crew-Neck Sweater delivers UPF 50+ sun protection and reflective safety detailing. Engineered for discerning customers, it features bio-based nylon derived from castor oil, flatlock seams for chafe-free comfort, and high-intensity training in all conditions. Built for the planet, built for performance.",Apparel,167.77
48,Vitamix SmartHome Air Purifier – 30-bar pressure extraction & built-in milk frother,"The Vitamix SmartHome Air Purifier delivers 30-bar pressure extraction and built-in milk frother. Engineered for discerning customers, it features aircraft-grade anodised aluminium, a 1200 W immersion circulator, and effortless floor-to-ceiling cleaning on a single charge. Spend less time cleaning, more time living.",Home,61.84
49,Everlane UrbanEdge Performance Polo Shirt – four-way stretch fabric & anti-odour silver-ion treatment,"The Everlane UrbanEdge Performance Polo Shirt delivers four-way stretch fabric and anti-odour silver-ion treatment. Engineered for discerning customers, it features Merino wool sourced from ZQ-certified farms, bonded hem tape, and all-day wear from office to outdoor adventure. Gear up for whatever comes next.",Apparel,157.69
50,Adidas TrailBlaze Waterproof Shell Parka – moisture-wicking technology & articulated knee panelling,"The Adidas TrailBlaze Waterproof Shell Parka delivers moisture-wicking technology and articulated knee panelling. Engineered for discerning customers, it features 88% recycled polyester / 12% elastane, bonded hem tape, and weekend trips and everyday casual wear. Where function meets timeless style.",Apparel,108.2
51,Uniqlo UrbanEdge Performance Polo Shirt – seamless flatlock stitching & breathable mesh lining,"The Uniqlo UrbanEdge Performance Polo Shirt delivers seamless flatlock stitching and breathable mesh lining. Engineered for discerning customers, it features 100% GOTS-certified organic cotton, flatlock seams for chafe-free comfort, and high-intensity training in all conditions. Gear up for whatever comes next.",Apparel,204.29
52,Zero to One Hundred by David Osei,"In Zero to One Hundred by David Osei, David Osei explores the neuroscience of creativity and focus and why diversity drives measurable innovation outcomes. Grounded in peer-reviewed cognitive science. it challenges assumptions held by experts and laypeople alike. Spanning 350 pages of meticulously researched content, this gripping debut novel has been described as 'a must-read that will change how you see the world' — Nature.",Books,35.19
53,The Empathy Advantage by Dr. Priya Nair,"In The Empathy Advantage by Dr. Priya Nair, Dr. Priya Nair explores the philosophy of ethical leadership in the digital age and the personal cost of relentless optimisation culture. Drawing on decades of field research and exclusive interviews. the book reframes conventional wisdom with striking clarity. Spanning 280 pages of concise, high-impact insights, this illustrated science compendium has been described as 'the definitive guide to navigating complexity' — Harvard Business Review.",Books,37.7
54,Columbia TrailBlaze Thermal Base-Layer Set – seamless flatlock stitching & adjustable hood and cuffs,"The Columbia TrailBlaze Thermal Base-Layer Set delivers seamless flatlock stitching and adjustable hood and cuffs. Engineered for discerning customers, it features bio-based nylon derived from castor oil, laser-cut ventilation panels, and effortless layering in transitional weather. Where function meets timeless style.",Apparel,117.35
55,When Data Speaks by Prof. Neil Hartley,"In When Data Speaks by Prof. Neil Hartley, Prof. Neil Hartley explores the neuroscience of creativity and focus and the overlooked voices that shaped a scientific revolution. Drawing on decades of field research and exclusive interviews. it challenges assumptions held by experts and laypeople alike. Spanning 500 pages that read like a page-turning narrative, this celebrated essay collection has been described as 'essential reading for anyone curious about the future' — MIT Tech Review.",Books,39.51
56,Belkin AuraSync Wi-Fi 6 Router – Ultra-Low Latency & 360° Spatial Audio,"The Belkin AuraSync Wi-Fi 6 Router delivers Ultra-Low Latency and 360° Spatial Audio. Engineered for discerning customers, it features 6-core DSP chip, tilt-adjustable scroll wheel, and ambient sound pass-through mode. Dominate every session with tournament-grade precision.",Electronics,254.01
57,The North Face FlexCore Organic Cotton T-Shirt – wind-resistant outer shell & articulated knee panelling,"The The North Face FlexCore Organic Cotton T-Shirt delivers wind-resistant outer shell and articulated knee panelling. Engineered for discerning customers, it features Merino wool sourced from ZQ-certified farms, laser-cut ventilation panels, and trail runners and urban explorers alike. Gear up for whatever comes next.",Apparel,237.78
58,Samsung ZenCore Action Camera – Ultra-Low Latency & Thunderbolt 4 Pass-Through,"The Samsung ZenCore Action Camera delivers Ultra-Low Latency and Thunderbolt 4 Pass-Through. Engineered for discerning customers, it features Sony STARVIS 2 sensor, dedicated bass radiator, and real-time noise suppression powered by AI. Where premium sound meets everyday convenience.",Electronics,235.11
59,Sony UltraView 4K Webcam – Bluetooth 5.3 & Matter Smart Home Support,"The Sony UltraView 4K Webcam delivers Bluetooth 5.3 and Matter Smart Home Support. Engineered for discerning customers, it features graphene-coated membrane, dedicated bass radiator, and ambient sound pass-through mode. Engineered to keep up with your ambitions.",Electronics,197.12
60,JBL SwiftLink Portable Charger – Ultra-Low Latency & Auto Game Mode,"The JBL SwiftLink Portable Charger delivers Ultra-Low Latency and Auto Game Mode. Engineered for discerning customers, it features tactile optical switch, per-key actuation logging, and real-time noise suppression powered by AI. Your creative workflow, supercharged.",Electronics,167.17
61,Dyson ProChef Water Filter Pitcher – 30-bar pressure extraction & voice-assistant integration,"The Dyson ProChef Water Filter Pitcher delivers 30-bar pressure extraction and voice-assistant integration. Engineered for discerning customers, it features aircraft-grade anodised aluminium, a 0.9 L removable water reservoir, and restaurant-grade sous vide cooking for home chefs. Spend less time cleaning, more time living.",Home,87.12
62,Nespresso EcoLiving Water Filter Pitcher – ±0.1°C temperature accuracy & room-mapping with no-go zones,"The Nespresso EcoLiving Water Filter Pitcher delivers ±0.1°C temperature accuracy and room-mapping with no-go zones. Engineered for discerning customers, it features food-grade stainless steel 18/10, a 5.5 L stainless steel bowl, and effortless floor-to-ceiling cleaning on a single charge. Precision craftsmanship for everyday cooking.",Home,82.43
63,Sony SwiftLink Mechanical Keyboard – RGB Backlighting & 30-Hour Battery Life,"The Sony SwiftLink Mechanical Keyboard delivers RGB Backlighting and 30-Hour Battery Life. Engineered for discerning customers, it features 6-core DSP chip, f/1.8 wide aperture lens, and ambient sound pass-through mode. Dominate every session with tournament-grade precision.",Electronics,326.17
64,Razer UltraView Smart Plug Strip – Active Noise Cancellation & 8K DPI Sensor,"The Razer UltraView Smart Plug Strip delivers Active Noise Cancellation and 8K DPI Sensor. Engineered for discerning customers, it features PixArt 3395 sensor, tilt-adjustable scroll wheel, and real-time noise suppression powered by AI. Your creative workflow, supercharged.",Electronics,108.48
65,Untangling Complexity by Dr. Priya Nair,"In Untangling Complexity by Dr. Priya Nair, Dr. Priya Nair explores the intersection of technology and human psychology and how individuals can thrive amid rapid change. Grounded in peer-reviewed cognitive science. the book reframes conventional wisdom with striking clarity. Spanning 350 pages of meticulously researched content, this practical business handbook has been described as 'a must-read that will change how you see the world' — Nature.",Books,34.43
66,Instant Pot PureClean Stand Mixer – ±0.1°C temperature accuracy & room-mapping with no-go zones,"The Instant Pot PureClean Stand Mixer delivers ±0.1°C temperature accuracy and room-mapping with no-go zones. Engineered for discerning customers, it features food-grade stainless steel 18/10, a 3-layer activated carbon + HEPA filter stack, and restaurant-grade sous vide cooking for home chefs. Elevate your morning ritual, every single day.",Home,247.63
67,The Last Algorithm by David Osei,"In The Last Algorithm by David Osei, David Osei explores the history of artificial intelligence from its roots and the personal cost of relentless optimisation culture. Weaving together case studies from five continents. it provides a roadmap that is both inspiring and deeply practical. Spanning 500 pages that read like a page-turning narrative, this illustrated science compendium has been described as 'transformative, urgent, and beautifully written' — The Guardian.",Books,31.87
68,When Data Speaks by Dr. Priya Nair,"In When Data Speaks by Dr. Priya Nair, Dr. Priya Nair explores the philosophy of ethical leadership in the digital age and the overlooked voices that shaped a scientific revolution. Blending rigorous data analysis with compelling narrative. it challenges assumptions held by experts and laypeople alike. Spanning 350 pages of meticulously researched content, this authoritative non-fiction account has been described as 'essential reading for anyone curious about the future' — MIT Tech Review.",Books,18.06
69,Shark ProChef Stand Mixer – HEPA H13 filtration & dishwasher-safe components,"The Shark ProChef Stand Mixer delivers HEPA H13 filtration and dishwasher-safe components. Engineered for discerning customers, it features enamelled cast iron, a 0.9 L removable water reservoir, and restaurant-grade sous vide cooking for home chefs. Elevate your morning ritual, every single day.",Home,125.71
70,Uniqlo FlexCore Waterproof Shell Parka – seamless flatlock stitching & anti-odour silver-ion treatment,"The Uniqlo FlexCore Waterproof Shell Parka delivers seamless flatlock stitching and anti-odour silver-ion treatment. Engineered for discerning customers, it features 88% recycled polyester / 12% elastane, YKK® AquaGuard zippers, and high-intensity training in all conditions. Gear up for whatever comes next.",Apparel,170.37
71,Dyson IntelliCook Robot Vacuum & Mop Combo – 30-bar pressure extraction & tilt-head attachment hub,"The Dyson IntelliCook Robot Vacuum & Mop Combo delivers 30-bar pressure extraction and tilt-head attachment hub. Engineered for discerning customers, it features BPA-free Tritan co-polyester, dual spinning side-brushes and V-shaped main brush, and silent yet powerful performance in any room. Transform your home into a smart sanctuary.",Home,77.2
72,When Data Speaks by Aisha Okonkwo,"In When Data Speaks by Aisha Okonkwo, Aisha Okonkwo explores the history of artificial intelligence from its roots and how individuals can thrive amid rapid change. Grounded in peer-reviewed cognitive science. it challenges assumptions held by experts and laypeople alike. Spanning 500 pages that read like a page-turning narrative, this celebrated essay collection has been described as 'transformative, urgent, and beautifully written' — The Guardian.",Books,29.01
73,Under Armour PureCotton Merino Wool Crew-Neck Sweater – recycled material construction & reflective safety detailing,"The Under Armour PureCotton Merino Wool Crew-Neck Sweater delivers recycled material construction and reflective safety detailing. Engineered for discerning customers, it features DWR-treated ripstop nylon, bonded hem tape, and weekend trips and everyday casual wear. Comfort that keeps pace with your lifestyle.",Apparel,21.07
74,Logitech AuraSync Ergonomic Trackpad – Active Noise Cancellation & 8K DPI Sensor,"The Logitech AuraSync Ergonomic Trackpad delivers Active Noise Cancellation and 8K DPI Sensor. Engineered for discerning customers, it features Sony STARVIS 2 sensor, USB-C + 3.5 mm dual output, and swappable hot-swap switch sockets. Where premium sound meets everyday convenience.",Electronics,269.09
75,Under Armour FlexCore 5-Pocket Slim-Fit Jeans – recycled material construction & anti-odour silver-ion treatment,"The Under Armour FlexCore 5-Pocket Slim-Fit Jeans delivers recycled material construction and anti-odour silver-ion treatment. Engineered for discerning customers, it features DWR-treated ripstop nylon, flatlock seams for chafe-free comfort, and effortless layering in transitional weather. Comfort that keeps pace with your lifestyle.",Apparel,110.95
76,KitchenAid ProChef Stand Mixer – 75 dB ultra-quiet operation & dishwasher-safe components,"The KitchenAid ProChef Stand Mixer delivers 75 dB ultra-quiet operation and dishwasher-safe components. Engineered for discerning customers, it features enamelled cast iron, a 5.5 L stainless steel bowl, and all-day comfort with temperature-regulating fill. Elevate your morning ritual, every single day.",Home,327.84
77,JBL ProMax USB-C Hub – Adaptive EQ & 360° Spatial Audio,"The JBL ProMax USB-C Hub delivers Adaptive EQ and 360° Spatial Audio. Engineered for discerning customers, it features tactile optical switch, per-key actuation logging, and a companion EQ app for iOS & Android. Where premium sound meets everyday convenience.",Electronics,435.15
78,The Human Edge by Dr. Priya Nair,"In The Human Edge by Dr. Priya Nair, Dr. Priya Nair explores the history of artificial intelligence from its roots and how individuals can thrive amid rapid change. Blending rigorous data analysis with compelling narrative. it provides a roadmap that is both inspiring and deeply practical. Spanning 280 pages of concise, high-impact insights, this practical business handbook has been described as 'a must-read that will change how you see the world' — Nature.",Books,39.76
79,Vitamix TranquilSleep Air Purifier – 30-bar pressure extraction & app-based scheduling,"The Vitamix TranquilSleep Air Purifier delivers 30-bar pressure extraction and app-based scheduling. Engineered for discerning customers, it features sustainably sourced moso bamboo, dual spinning side-brushes and V-shaped main brush, and professional baking and cooking results at home. Elevate your morning ritual, every single day.",Home,353.88
80,Razer UltraView Wireless Earbuds – Bluetooth 5.3 & USB-C PD 100 W,"The Razer UltraView Wireless Earbuds delivers Bluetooth 5.3 and USB-C PD 100 W. Engineered for discerning customers, it features tactile optical switch, f/1.8 wide aperture lens, and a companion EQ app for iOS & Android. Engineered to keep up with your ambitions.",Electronics,215.83
81,Uniqlo UrbanEdge Lightweight Cargo Shorts – moisture-wicking technology & breathable mesh lining,"The Uniqlo UrbanEdge Lightweight Cargo Shorts delivers moisture-wicking technology and breathable mesh lining. Engineered for discerning customers, it features 100% GOTS-certified organic cotton, enzyme-washed finish, and high-intensity training in all conditions. Gear up for whatever comes next.",Apparel,180.76
82,Breville TranquilSleep Weighted Blanket – 30-bar pressure extraction & child-safety auto shut-off,"The Breville TranquilSleep Weighted Blanket delivers 30-bar pressure extraction and child-safety auto shut-off. Engineered for discerning customers, it features sustainably sourced moso bamboo, dual spinning side-brushes and V-shaped main brush, and barista-quality espresso at the touch of a button. Spend less time cleaning, more time living.",Home,369.75
83,Champion TrailBlaze Merino Wool Crew-Neck Sweater – wind-resistant outer shell & anti-odour silver-ion treatment,"The Champion TrailBlaze Merino Wool Crew-Neck Sweater delivers wind-resistant outer shell and anti-odour silver-ion treatment. Engineered for discerning customers, it features Merino wool sourced from ZQ-certified farms, laser-cut ventilation panels, and high-intensity training in all conditions. Move freely. Look sharp. Feel great.",Apparel,81.46
84,Patagonia PureCotton 5-Pocket Slim-Fit Jeans – UPF 50+ sun protection & articulated knee panelling,"The Patagonia PureCotton 5-Pocket Slim-Fit Jeans delivers UPF 50+ sun protection and articulated knee panelling. Engineered for discerning customers, it features DWR-treated ripstop nylon, bonded hem tape, and high-intensity training in all conditions. Gear up for whatever comes next.",Apparel,194.27
85,Breville TranquilSleep Cordless Stick Vacuum – 30-bar pressure extraction & built-in milk frother,"The Breville TranquilSleep Cordless Stick Vacuum delivers 30-bar pressure extraction and built-in milk frother. Engineered for discerning customers, it features sustainably sourced moso bamboo, a 19-bar Italian pump and pre-infusion system, and effortless floor-to-ceiling cleaning on a single charge. Elevate your morning ritual, every single day.",Home,29.88
86,Under Armour AlpineShield Insulated Puffer Vest – seamless flatlock stitching & breathable mesh lining,"The Under Armour AlpineShield Insulated Puffer Vest delivers seamless flatlock stitching and breathable mesh lining. Engineered for discerning customers, it features 100% GOTS-certified organic cotton, enzyme-washed finish, and trail runners and urban explorers alike. Built for the planet, built for performance.",Apparel,133.03
87,OXO ClearAir Robot Vacuum & Mop Combo – 7-in-1 cooking modes & room-mapping with no-go zones,"The OXO ClearAir Robot Vacuum & Mop Combo delivers 7-in-1 cooking modes and room-mapping with no-go zones. Engineered for discerning customers, it features sustainably sourced moso bamboo, a 19-bar Italian pump and pre-infusion system, and silent yet powerful performance in any room. Spend less time cleaning, more time living.",Home,171.65
88,SteelSeries NovaSeries Noise-Cancelling Headphones – Hi-Res Audio & 8K DPI Sensor,"The SteelSeries NovaSeries Noise-Cancelling Headphones delivers Hi-Res Audio and 8K DPI Sensor. Engineered for discerning customers, it features tactile optical switch, f/1.8 wide aperture lens, and real-time noise suppression powered by AI. Perfect for remote workers, commuters, and audiophiles alike.",Electronics,428.84
89,The Empathy Advantage by Maya Krishnamurthy,"In The Empathy Advantage by Maya Krishnamurthy, Maya Krishnamurthy explores the neuroscience of creativity and focus and the surprising psychology of risk and reward. Grounded in peer-reviewed cognitive science. it provides a roadmap that is both inspiring and deeply practical. Spanning 350 pages of meticulously researched content, this illustrated science compendium has been described as 'a must-read that will change how you see the world' — Nature.",Books,10.86
90,The Human Edge by Maya Krishnamurthy,"In The Human Edge by Maya Krishnamurthy, Maya Krishnamurthy explores the hidden forces shaping modern economics and the surprising psychology of risk and reward. Drawing on decades of field research and exclusive interviews. the book reframes conventional wisdom with striking clarity. Spanning 350 pages of meticulously researched content, this celebrated essay collection has been described as 'a landmark work for our times' — The Economist.",Books,26.62
91,Untangling Complexity by Prof. Neil Hartley,"In Untangling Complexity by Prof. Neil Hartley, Prof. Neil Hartley explores the intersection of technology and human psychology and strategies for building resilient organisations. Drawing on decades of field research and exclusive interviews. it challenges assumptions held by experts and laypeople alike. Spanning 280 pages of concise, high-impact insights, this gripping debut novel has been described as 'transformative, urgent, and beautifully written' — The Guardian.",Books,26.08
92,The Design of Everyday Decisions by Dr. Marcus Webb,"In The Design of Everyday Decisions by Dr. Marcus Webb, Dr. Marcus Webb explores the global supply chain and its environmental cost and the surprising psychology of risk and reward. Blending rigorous data analysis with compelling narrative. readers gain actionable tools for immediate real-world impact. Spanning 400+ pages enriched with charts, interviews, and case studies, this illustrated science compendium has been described as 'a landmark work for our times' — The Economist.",Books,33.59
93,LG AuraSync Wi-Fi 6 Router – Bluetooth 5.3 & Thunderbolt 4 Pass-Through,"The LG AuraSync Wi-Fi 6 Router delivers Bluetooth 5.3 and Thunderbolt 4 Pass-Through. Engineered for discerning customers, it features Sony STARVIS 2 sensor, dedicated bass radiator, and swappable hot-swap switch sockets. Where premium sound meets everyday convenience.",Electronics,326.18
94,Razer HyperEdge Wi-Fi 6 Router – Active Noise Cancellation & Thunderbolt 4 Pass-Through,"The Razer HyperEdge Wi-Fi 6 Router delivers Active Noise Cancellation and Thunderbolt 4 Pass-Through. Engineered for discerning customers, it features tactile optical switch, planar magnetic transducer, and hardware-level encryption for secure calls. Dominate every session with tournament-grade precision.",Electronics,55.44
95,When Data Speaks by Thomas Lin,"In When Data Speaks by Thomas Lin, Thomas Lin explores the science of habit formation and behaviour change and the personal cost of relentless optimisation culture. Weaving together case studies from five continents. the book reframes conventional wisdom with striking clarity. Spanning 280 pages of concise, high-impact insights, this celebrated essay collection has been described as 'essential reading for anyone curious about the future' — MIT Tech Review.",Books,49.96
96,Razer UltraView Gaming Mouse – Ultra-Low Latency & 360° Spatial Audio,"The Razer UltraView Gaming Mouse delivers Ultra-Low Latency and 360° Spatial Audio. Engineered for discerning customers, it features Sony STARVIS 2 sensor, per-key actuation logging, and ambient sound pass-through mode. Perfect for remote workers, commuters, and audiophiles alike.",Electronics,489.4
97,Code & Culture by Maya Krishnamurthy,"In Code & Culture by Maya Krishnamurthy, Maya Krishnamurthy explores the intersection of technology and human psychology and why diversity drives measurable innovation outcomes. Drawing on decades of field research and exclusive interviews. it provides a roadmap that is both inspiring and deeply practical. Spanning 500 pages that read like a page-turning narrative, this celebrated essay collection has been described as 'transformative, urgent, and beautifully written' — The Guardian.",Books,40.57
98,Logitech AuraSync LED Desk Lamp – AI-Enhanced Mic & 2 ms Response Time,"The Logitech AuraSync LED Desk Lamp delivers AI-Enhanced Mic and 2 ms Response Time. Engineered for discerning customers, it features graphene-coated membrane, dedicated bass radiator, and hardware-level encryption for secure calls. Your creative workflow, supercharged.",Electronics,345.32
99,Jabra NovaSeries Wi-Fi 6 Router – Adaptive EQ & 30-Hour Battery Life,"The Jabra NovaSeries Wi-Fi 6 Router delivers Adaptive EQ and 30-Hour Battery Life. Engineered for discerning customers, it features tactile optical switch, tilt-adjustable scroll wheel, and a companion EQ app for iOS & Android. Engineered to keep up with your ambitions.",Electronics,195.12
100,Deep Roots: A Memoir of Soil and Silicon by Elena Vasquez,"In Deep Roots: A Memoir of Soil and Silicon by Elena Vasquez, Elena Vasquez explores the neuroscience of creativity and focus and the surprising psychology of risk and reward. Grounded in peer-reviewed cognitive science. readers gain actionable tools for immediate real-world impact. Spanning 400+ pages enriched with charts, interviews, and case studies, this celebrated essay collection has been described as 'essential reading for anyone curious about the future' — MIT Tech Review.",Books,41.02
101,KitchenAid BrightKitchen Bamboo Cutting Board Set – ±0.1°C temperature accuracy & tilt-head attachment hub,"The KitchenAid BrightKitchen Bamboo Cutting Board Set delivers ±0.1°C temperature accuracy and tilt-head attachment hub. Engineered for discerning customers, it features BPA-free Tritan co-polyester, a 19-bar Italian pump and pre-infusion system, and professional baking and cooking results at home. Precision craftsmanship for everyday cooking.",Home,324.23
102,Razer UltraView Mechanical Keyboard – Bluetooth 5.3 & Matter Smart Home Support,"The Razer UltraView Mechanical Keyboard delivers Bluetooth 5.3 and Matter Smart Home Support. Engineered for discerning customers, it features Sony STARVIS 2 sensor, per-key actuation logging, and a companion EQ app for iOS & Android. Where premium sound meets everyday convenience.",Electronics,26.67
103,Champion UrbanEdge Lightweight Cargo Shorts – wind-resistant outer shell & breathable mesh lining,"The Champion UrbanEdge Lightweight Cargo Shorts delivers wind-resistant outer shell and breathable mesh lining. Engineered for discerning customers, it features Merino wool sourced from ZQ-certified farms, laser-cut ventilation panels, and effortless layering in transitional weather. Comfort that keeps pace with your lifestyle.",Apparel,40.45
104,Rethinking Intelligence by Dr. Marcus Webb,"In Rethinking Intelligence by Dr. Marcus Webb, Dr. Marcus Webb explores the global supply chain and its environmental cost and why diversity drives measurable innovation outcomes. Weaving together case studies from five continents. it provides a roadmap that is both inspiring and deeply practical. Spanning 400+ pages enriched with charts, interviews, and case studies, this gripping debut novel has been described as 'a landmark work for our times' — The Economist.",Books,34.68
105,Signals & Noise by Ravi Patel,"In Signals & Noise by Ravi Patel, Ravi Patel explores the science of habit formation and behaviour change and the personal cost of relentless optimisation culture. Drawing on decades of field research and exclusive interviews. readers gain actionable tools for immediate real-world impact. Spanning 350 pages of meticulously researched content, this celebrated essay collection has been described as 'a landmark work for our times' — The Economist.",Books,20.77
106,Nespresso ProChef Robot Vacuum & Mop Combo – 30-bar pressure extraction & tilt-head attachment hub,"The Nespresso ProChef Robot Vacuum & Mop Combo delivers 30-bar pressure extraction and tilt-head attachment hub. Engineered for discerning customers, it features enamelled cast iron, a 19-bar Italian pump and pre-infusion system, and professional baking and cooking results at home. Designed to simplify. Built to last.",Home,175.19
107,Patterns of Resilience by Prof. Neil Hartley,"In Patterns of Resilience by Prof. Neil Hartley, Prof. Neil Hartley explores the history of artificial intelligence from its roots and the surprising psychology of risk and reward. Drawing on decades of field research and exclusive interviews. the book reframes conventional wisdom with striking clarity. Spanning 320 pages that balance depth with accessibility, this bestselling self-help guide has been described as 'the definitive guide to navigating complexity' — Harvard Business Review.",Books,47.43
108,Bose ProMax Action Camera – AI-Enhanced Mic & 2 ms Response Time,"The Bose ProMax Action Camera delivers AI-Enhanced Mic and 2 ms Response Time. Engineered for discerning customers, it features PixArt 3395 sensor, tilt-adjustable scroll wheel, and swappable hot-swap switch sockets. Your creative workflow, supercharged.",Electronics,67.68
109,Vitamix ClearAir Bamboo Cutting Board Set – 75 dB ultra-quiet operation & real-time air-quality display,"The Vitamix ClearAir Bamboo Cutting Board Set delivers 75 dB ultra-quiet operation and real-time air-quality display. Engineered for discerning customers, it features enamelled cast iron, a 5.5 L stainless steel bowl, and effortless floor-to-ceiling cleaning on a single charge. Transform your home into a smart sanctuary.",Home,380.26
110,Nespresso ProChef Countertop Bread Maker – 30-bar pressure extraction & real-time air-quality display,"The Nespresso ProChef Countertop Bread Maker delivers 30-bar pressure extraction and real-time air-quality display. Engineered for discerning customers, it features aircraft-grade anodised aluminium, a 5.5 L stainless steel bowl, and effortless floor-to-ceiling cleaning on a single charge. Spend less time cleaning, more time living.",Home,317.55
111,Dyson ProChef Bamboo Cutting Board Set – 30-bar pressure extraction & built-in milk frother,"The Dyson ProChef Bamboo Cutting Board Set delivers 30-bar pressure extraction and built-in milk frother. Engineered for discerning customers, it features food-grade stainless steel 18/10, a 5.5 L stainless steel bowl, and effortless floor-to-ceiling cleaning on a single charge. Designed to simplify. Built to last.",Home,14.09
112,Anker NovaSeries Curved Monitor – RGB Backlighting & USB-C PD 100 W,"The Anker NovaSeries Curved Monitor delivers RGB Backlighting and USB-C PD 100 W. Engineered for discerning customers, it features 6-core DSP chip, planar magnetic transducer, and a companion EQ app for iOS & Android. Dominate every session with tournament-grade precision.",Electronics,27.12
113,Dyson ClearAir Air Purifier – 10-speed precision motor & app-based scheduling,"The Dyson ClearAir Air Purifier delivers 10-speed precision motor and app-based scheduling. Engineered for discerning customers, it features aircraft-grade anodised aluminium, dual spinning side-brushes and V-shaped main brush, and all-day comfort with temperature-regulating fill. Elevate your morning ritual, every single day.",Home,216.59
114,Jabra UltraView USB-C Hub – Hi-Res Audio & 360° Spatial Audio,"The Jabra UltraView USB-C Hub delivers Hi-Res Audio and 360° Spatial Audio. Engineered for discerning customers, it features Sony STARVIS 2 sensor, f/1.8 wide aperture lens, and a companion EQ app for iOS & Android. Where premium sound meets everyday convenience.",Electronics,261.83
115,Carhartt AeroFit Fleece Quarter-Zip Pullover – recycled material construction & adjustable hood and cuffs,"The Carhartt AeroFit Fleece Quarter-Zip Pullover delivers recycled material construction and adjustable hood and cuffs. Engineered for discerning customers, it features DWR-treated ripstop nylon, flatlock seams for chafe-free comfort, and trail runners and urban explorers alike. Where function meets timeless style.",Apparel,214.11
116,Breville ProChef Weighted Blanket – 7-in-1 cooking modes & room-mapping with no-go zones,"The Breville ProChef Weighted Blanket delivers 7-in-1 cooking modes and room-mapping with no-go zones. Engineered for discerning customers, it features aircraft-grade anodised aluminium, a 5.5 L stainless steel bowl, and restaurant-grade sous vide cooking for home chefs. Spend less time cleaning, more time living.",Home,38.41
117,Patagonia DriLayer Organic Cotton T-Shirt – UPF 50+ sun protection & articulated knee panelling,"The Patagonia DriLayer Organic Cotton T-Shirt delivers UPF 50+ sun protection and articulated knee panelling. Engineered for discerning customers, it features bio-based nylon derived from castor oil, bonded hem tape, and effortless layering in transitional weather. Gear up for whatever comes next.",Apparel,157.27
118,Samsung UltraView Smart Plug Strip – Multi-Device Pairing & 2 ms Response Time,"The Samsung UltraView Smart Plug Strip delivers Multi-Device Pairing and 2 ms Response Time. Engineered for discerning customers, it features PixArt 3395 sensor, tilt-adjustable scroll wheel, and swappable hot-swap switch sockets. Where premium sound meets everyday convenience.",Electronics,182.68
119,Code & Culture by Ravi Patel,"In Code & Culture by Ravi Patel, Ravi Patel explores the science of habit formation and behaviour change and how individuals can thrive amid rapid change. Weaving together case studies from five continents. the book reframes conventional wisdom with striking clarity. Spanning 280 pages of concise, high-impact insights, this illustrated science compendium has been described as 'transformative, urgent, and beautifully written' — The Guardian.",Books,23.71
120,Levi's PureCotton Merino Wool Crew-Neck Sweater – moisture-wicking technology & reflective safety detailing,"The Levi's PureCotton Merino Wool Crew-Neck Sweater delivers moisture-wicking technology and reflective safety detailing. Engineered for discerning customers, it features 88% recycled polyester / 12% elastane, enzyme-washed finish, and trail runners and urban explorers alike. Comfort that keeps pace with your lifestyle.",Apparel,205.76
121,Champion AeroFit Performance Polo Shirt – recycled material construction & articulated knee panelling,"The Champion AeroFit Performance Polo Shirt delivers recycled material construction and articulated knee panelling. Engineered for discerning customers, it features Merino wool sourced from ZQ-certified farms, flatlock seams for chafe-free comfort, and effortless layering in transitional weather. Comfort that keeps pace with your lifestyle.",Apparel,220.29
122,Columbia AeroFit Waterproof Shell Parka – recycled material construction & adjustable hood and cuffs,"The Columbia AeroFit Waterproof Shell Parka delivers recycled material construction and adjustable hood and cuffs. Engineered for discerning customers, it features Merino wool sourced from ZQ-certified farms, flatlock seams for chafe-free comfort, and weekend trips and everyday casual wear. Gear up for whatever comes next.",Apparel,64.98
123,Everlane PureCotton Compression Training Tights – moisture-wicking technology & adjustable hood and cuffs,"The Everlane PureCotton Compression Training Tights delivers moisture-wicking technology and adjustable hood and cuffs. Engineered for discerning customers, it features bio-based nylon derived from castor oil, bonded hem tape, and trail runners and urban explorers alike. Comfort that keeps pace with your lifestyle.",Apparel,149.9
124,Breville BrightKitchen Cast-Iron Dutch Oven – HEPA H13 filtration & app-based scheduling,"The Breville BrightKitchen Cast-Iron Dutch Oven delivers HEPA H13 filtration and app-based scheduling. Engineered for discerning customers, it features aircraft-grade anodised aluminium, dual spinning side-brushes and V-shaped main brush, and professional baking and cooking results at home. Precision craftsmanship for everyday cooking.",Home,369.63
125,Apple ProMax Mechanical Keyboard – Fast Charging & Matter Smart Home Support,"The Apple ProMax Mechanical Keyboard delivers Fast Charging and Matter Smart Home Support. Engineered for discerning customers, it features 6-core DSP chip, dedicated bass radiator, and a companion EQ app for iOS & Android. Perfect for remote workers, commuters, and audiophiles alike.",Electronics,378.12
126,Code & Culture by Dr. Marcus Webb,"In Code & Culture by Dr. Marcus Webb, Dr. Marcus Webb explores the history of artificial intelligence from its roots and strategies for building resilient organisations. Blending rigorous data analysis with compelling narrative. it challenges assumptions held by experts and laypeople alike. Spanning 280 pages of concise, high-impact insights, this illustrated science compendium has been described as 'transformative, urgent, and beautifully written' — The Guardian.",Books,40.62
127,Carhartt UrbanEdge Running Jacket – four-way stretch fabric & hidden zip pockets,"The Carhartt UrbanEdge Running Jacket delivers four-way stretch fabric and hidden zip pockets. Engineered for discerning customers, it features bio-based nylon derived from castor oil, flatlock seams for chafe-free comfort, and trail runners and urban explorers alike. Comfort that keeps pace with your lifestyle.",Apparel,119.12
128,LG VisionPro Ergonomic Trackpad – Hi-Res Audio & Matter Smart Home Support,"The LG VisionPro Ergonomic Trackpad delivers Hi-Res Audio and Matter Smart Home Support. Engineered for discerning customers, it features tactile optical switch, dedicated bass radiator, and hardware-level encryption for secure calls. Perfect for remote workers, commuters, and audiophiles alike.",Electronics,185.67
129,Adidas FlexCore Fleece Quarter-Zip Pullover – seamless flatlock stitching & articulated knee panelling,"The Adidas FlexCore Fleece Quarter-Zip Pullover delivers seamless flatlock stitching and articulated knee panelling. Engineered for discerning customers, it features DWR-treated ripstop nylon, laser-cut ventilation panels, and high-intensity training in all conditions. Move freely. Look sharp. Feel great.",Apparel,66.81
130,OXO SmartHome Air Purifier – 30-bar pressure extraction & app-based scheduling,"The OXO SmartHome Air Purifier delivers 30-bar pressure extraction and app-based scheduling. Engineered for discerning customers, it features food-grade stainless steel 18/10, dual spinning side-brushes and V-shaped main brush, and professional baking and cooking results at home. Precision craftsmanship for everyday cooking.",Home,139.97
131,Instant Pot TranquilSleep Water Filter Pitcher – self-emptying dustbin & tilt-head attachment hub,"The Instant Pot TranquilSleep Water Filter Pitcher delivers self-emptying dustbin and tilt-head attachment hub. Engineered for discerning customers, it features food-grade stainless steel 18/10, a 19-bar Italian pump and pre-infusion system, and restaurant-grade sous vide cooking for home chefs. Spend less time cleaning, more time living.",Home,206.59
132,Everlane CloudStretch Merino Wool Crew-Neck Sweater – UPF 50+ sun protection & breathable mesh lining,"The Everlane CloudStretch Merino Wool Crew-Neck Sweater delivers UPF 50+ sun protection and breathable mesh lining. Engineered for discerning customers, it features 88% recycled polyester / 12% elastane, enzyme-washed finish, and trail runners and urban explorers alike. Where function meets timeless style.",Apparel,231.46
133,The North Face AlpineShield Performance Polo Shirt – UPF 50+ sun protection & breathable mesh lining,"The The North Face AlpineShield Performance Polo Shirt delivers UPF 50+ sun protection and breathable mesh lining. Engineered for discerning customers, it features DWR-treated ripstop nylon, bonded hem tape, and trail runners and urban explorers alike. Where function meets timeless style.",Apparel,19.89
134,Apple NovaSeries LED Desk Lamp – Hi-Res Audio & 360° Spatial Audio,"The Apple NovaSeries LED Desk Lamp delivers Hi-Res Audio and 360° Spatial Audio. Engineered for discerning customers, it features 6-core DSP chip, tilt-adjustable scroll wheel, and a companion EQ app for iOS & Android. Dominate every session with tournament-grade precision.",Electronics,229.11
135,The Design of Everyday Decisions by Dr. Sarah Brennan,"In The Design of Everyday Decisions by Dr. Sarah Brennan, Dr. Sarah Brennan explores the history of artificial intelligence from its roots and strategies for building resilient organisations. Weaving together case studies from five continents. readers gain actionable tools for immediate real-world impact. Spanning 280 pages of concise, high-impact insights, this authoritative non-fiction account has been described as 'essential reading for anyone curious about the future' — MIT Tech Review.",Books,11.2
136,Everlane UrbanEdge Thermal Base-Layer Set – recycled material construction & hidden zip pockets,"The Everlane UrbanEdge Thermal Base-Layer Set delivers recycled material construction and hidden zip pockets. Engineered for discerning customers, it features Merino wool sourced from ZQ-certified farms, bonded hem tape, and all-day wear from office to outdoor adventure. Built for the planet, built for performance.",Apparel,39.15
137,Patagonia EcoWeave 5-Pocket Slim-Fit Jeans – recycled material construction & hidden zip pockets,"The Patagonia EcoWeave 5-Pocket Slim-Fit Jeans delivers recycled material construction and hidden zip pockets. Engineered for discerning customers, it features 88% recycled polyester / 12% elastane, YKK® AquaGuard zippers, and effortless layering in transitional weather. Where function meets timeless style.",Apparel,192.28
138,Belkin VisionPro Wi-Fi 6 Router – AI-Enhanced Mic & 360° Spatial Audio,"The Belkin VisionPro Wi-Fi 6 Router delivers AI-Enhanced Mic and 360° Spatial Audio. Engineered for discerning customers, it features 1.5"" bio-cellulose driver, tilt-adjustable scroll wheel, and a companion EQ app for iOS & Android. Where premium sound meets everyday convenience.",Electronics,232.25
139,Zero to One Hundred by Aisha Okonkwo,"In Zero to One Hundred by Aisha Okonkwo, Aisha Okonkwo explores the global supply chain and its environmental cost and how individuals can thrive amid rapid change. Weaving together case studies from five continents. it provides a roadmap that is both inspiring and deeply practical. Spanning 350 pages of meticulously researched content, this celebrated essay collection has been described as 'transformative, urgent, and beautifully written' — The Guardian.",Books,27.38
140,Instant Pot SmartHome Cordless Stick Vacuum – ±0.1°C temperature accuracy & room-mapping with no-go zones,"The Instant Pot SmartHome Cordless Stick Vacuum delivers ±0.1°C temperature accuracy and room-mapping with no-go zones. Engineered for discerning customers, it features aircraft-grade anodised aluminium, a 1200 W immersion circulator, and restaurant-grade sous vide cooking for home chefs. Designed to simplify. Built to last.",Home,161.78
141,OXO BrightKitchen Water Filter Pitcher – HEPA H13 filtration & child-safety auto shut-off,"The OXO BrightKitchen Water Filter Pitcher delivers HEPA H13 filtration and child-safety auto shut-off. Engineered for discerning customers, it features sustainably sourced moso bamboo, a 0.9 L removable water reservoir, and effortless floor-to-ceiling cleaning on a single charge. Precision craftsmanship for everyday cooking.",Home,247.13
142,JBL NovaSeries Wireless Earbuds – Hi-Res Audio & IPX5 Water Resistance,"The JBL NovaSeries Wireless Earbuds delivers Hi-Res Audio and IPX5 Water Resistance. Engineered for discerning customers, it features tactile optical switch, planar magnetic transducer, and a companion EQ app for iOS & Android. Engineered to keep up with your ambitions.",Electronics,330.13
143,Nike EcoWeave Lightweight Cargo Shorts – UPF 50+ sun protection & articulated knee panelling,"The Nike EcoWeave Lightweight Cargo Shorts delivers UPF 50+ sun protection and articulated knee panelling. Engineered for discerning customers, it features bio-based nylon derived from castor oil, laser-cut ventilation panels, and all-day wear from office to outdoor adventure. Comfort that keeps pace with your lifestyle.",Apparel,102.61
144,Patagonia AlpineShield Insulated Puffer Vest – wind-resistant outer shell & breathable mesh lining,"The Patagonia AlpineShield Insulated Puffer Vest delivers wind-resistant outer shell and breathable mesh lining. Engineered for discerning customers, it features bio-based nylon derived from castor oil, flatlock seams for chafe-free comfort, and high-intensity training in all conditions. Move freely. Look sharp. Feel great.",Apparel,92.47
145,JBL ClearCast 4K Webcam – RGB Backlighting & USB-C PD 100 W,"The JBL ClearCast 4K Webcam delivers RGB Backlighting and USB-C PD 100 W. Engineered for discerning customers, it features tactile optical switch, USB-C + 3.5 mm dual output, and hardware-level encryption for secure calls. Dominate every session with tournament-grade precision.",Electronics,460.03
146,The Human Edge by Aisha Okonkwo,"In The Human Edge by Aisha Okonkwo, Aisha Okonkwo explores the hidden forces shaping modern economics and why diversity drives measurable innovation outcomes. Drawing on decades of field research and exclusive interviews. it challenges assumptions held by experts and laypeople alike. Spanning 320 pages that balance depth with accessibility, this illustrated science compendium has been described as 'the definitive guide to navigating complexity' — Harvard Business Review.",Books,35.02
147,The North Face TrailBlaze Fleece Quarter-Zip Pullover – seamless flatlock stitching & breathable mesh lining,"The The North Face TrailBlaze Fleece Quarter-Zip Pullover delivers seamless flatlock stitching and breathable mesh lining. Engineered for discerning customers, it features bio-based nylon derived from castor oil, flatlock seams for chafe-free comfort, and effortless layering in transitional weather. Gear up for whatever comes next.",Apparel,100.02
148,Apple HyperEdge Mechanical Keyboard – Bluetooth 5.3 & 360° Spatial Audio,"The Apple HyperEdge Mechanical Keyboard delivers Bluetooth 5.3 and 360° Spatial Audio. Engineered for discerning customers, it features PixArt 3395 sensor, dedicated bass radiator, and swappable hot-swap switch sockets. Dominate every session with tournament-grade precision.",Electronics,94.36
149,Bose UltraView Curved Monitor – Multi-Device Pairing & Auto Game Mode,"The Bose UltraView Curved Monitor delivers Multi-Device Pairing and Auto Game Mode. Engineered for discerning customers, it features 6-core DSP chip, planar magnetic transducer, and ambient sound pass-through mode. Engineered to keep up with your ambitions.",Electronics,82.89
150,Thinking in Systems by Dr. Sarah Brennan,"In Thinking in Systems by Dr. Sarah Brennan, Dr. Sarah Brennan explores the hidden forces shaping modern economics and the surprising psychology of risk and reward. Combining vivid personal storytelling with hard empirical evidence. readers gain actionable tools for immediate real-world impact. Spanning 500 pages that read like a page-turning narrative, this bestselling self-help guide has been described as 'a landmark work for our times' — The Economist.",Books,25.25
151,Everlane EcoWeave Lightweight Cargo Shorts – recycled material construction & adjustable hood and cuffs,"The Everlane EcoWeave Lightweight Cargo Shorts delivers recycled material construction and adjustable hood and cuffs. Engineered for discerning customers, it features DWR-treated ripstop nylon, YKK® AquaGuard zippers, and weekend trips and everyday casual wear. Built for the planet, built for performance.",Apparel,87.71
152,Under Armour EcoWeave Organic Cotton T-Shirt – seamless flatlock stitching & articulated knee panelling,"The Under Armour EcoWeave Organic Cotton T-Shirt delivers seamless flatlock stitching and articulated knee panelling. Engineered for discerning customers, it features DWR-treated ripstop nylon, enzyme-washed finish, and high-intensity training in all conditions. Where function meets timeless style.",Apparel,133.17
153,Thinking in Systems by Dr. Sarah Brennan,"In Thinking in Systems by Dr. Sarah Brennan, Dr. Sarah Brennan explores the philosophy of ethical leadership in the digital age and why diversity drives measurable innovation outcomes. Blending rigorous data analysis with compelling narrative. it challenges assumptions held by experts and laypeople alike. Spanning 350 pages of meticulously researched content, this definitive technical reference has been described as 'the definitive guide to navigating complexity' — Harvard Business Review.",Books,44.7
154,Signals & Noise by Claire Fontaine,"In Signals & Noise by Claire Fontaine, Claire Fontaine explores the science of habit formation and behaviour change and why diversity drives measurable innovation outcomes. Drawing on decades of field research and exclusive interviews. it challenges assumptions held by experts and laypeople alike. Spanning 350 pages of meticulously researched content, this authoritative non-fiction account has been described as 'essential reading for anyone curious about the future' — MIT Tech Review.",Books,19.45
155,JBL NovaSeries Smart Plug Strip – Ultra-Low Latency & IPX5 Water Resistance,"The JBL NovaSeries Smart Plug Strip delivers Ultra-Low Latency and IPX5 Water Resistance. Engineered for discerning customers, it features 1.5"" bio-cellulose driver, tilt-adjustable scroll wheel, and ambient sound pass-through mode. Perfect for remote workers, commuters, and audiophiles alike.",Electronics,219.14
156,The Design of Everyday Decisions by Dr. Sarah Brennan,"In The Design of Everyday Decisions by Dr. Sarah Brennan, Dr. Sarah Brennan explores the hidden forces shaping modern economics and the personal cost of relentless optimisation culture. Drawing on decades of field research and exclusive interviews. it challenges assumptions held by experts and laypeople alike. Spanning 400+ pages enriched with charts, interviews, and case studies, this award-winning memoir has been described as 'a landmark work for our times' — The Economist.",Books,21.37
157,Samsung PulseX LED Desk Lamp – Fast Charging & USB-C PD 100 W,"The Samsung PulseX LED Desk Lamp delivers Fast Charging and USB-C PD 100 W. Engineered for discerning customers, it features 6-core DSP chip, per-key actuation logging, and real-time noise suppression powered by AI. Dominate every session with tournament-grade precision.",Electronics,384.23
158,Under Armour PureCotton Performance Polo Shirt – moisture-wicking technology & reflective safety detailing,"The Under Armour PureCotton Performance Polo Shirt delivers moisture-wicking technology and reflective safety detailing. Engineered for discerning customers, it features 88% recycled polyester / 12% elastane, bonded hem tape, and all-day wear from office to outdoor adventure. Built for the planet, built for performance.",Apparel,143.96
159,OXO BrightKitchen Smart Air Fryer – LiDAR-guided navigation & app-based scheduling,"The OXO BrightKitchen Smart Air Fryer delivers LiDAR-guided navigation and app-based scheduling. Engineered for discerning customers, it features food-grade stainless steel 18/10, a 5.5 L stainless steel bowl, and silent yet powerful performance in any room. Transform your home into a smart sanctuary.",Home,105.27
160,Vitamix TranquilSleep Robot Vacuum & Mop Combo – LiDAR-guided navigation & child-safety auto shut-off,"The Vitamix TranquilSleep Robot Vacuum & Mop Combo delivers LiDAR-guided navigation and child-safety auto shut-off. Engineered for discerning customers, it features sustainably sourced moso bamboo, a 1200 W immersion circulator, and silent yet powerful performance in any room. Designed to simplify. Built to last.",Home,235.53
161,iRobot EcoLiving Smart Air Fryer – HEPA H13 filtration & voice-assistant integration,"The iRobot EcoLiving Smart Air Fryer delivers HEPA H13 filtration and voice-assistant integration. Engineered for discerning customers, it features food-grade stainless steel 18/10, a 1200 W immersion circulator, and barista-quality espresso at the touch of a button. Spend less time cleaning, more time living.",Home,270.1
162,Adidas DriLayer Organic Cotton T-Shirt – moisture-wicking technology & articulated knee panelling,"The Adidas DriLayer Organic Cotton T-Shirt delivers moisture-wicking technology and articulated knee panelling. Engineered for discerning customers, it features bio-based nylon derived from castor oil, laser-cut ventilation panels, and weekend trips and everyday casual wear. Gear up for whatever comes next.",Apparel,19.77
163,The Architecture of Tomorrow by Ravi Patel,"In The Architecture of Tomorrow by Ravi Patel, Ravi Patel explores the neuroscience of creativity and focus and strategies for building resilient organisations. Drawing on decades of field research and exclusive interviews. it challenges assumptions held by experts and laypeople alike. Spanning 350 pages of meticulously researched content, this illustrated science compendium has been described as 'transformative, urgent, and beautifully written' — The Guardian.",Books,18.12
164,SteelSeries UltraView LED Desk Lamp – AI-Enhanced Mic & USB-C PD 100 W,"The SteelSeries UltraView LED Desk Lamp delivers AI-Enhanced Mic and USB-C PD 100 W. Engineered for discerning customers, it features 6-core DSP chip, per-key actuation logging, and hardware-level encryption for secure calls. Your creative workflow, supercharged.",Electronics,410.47
165,The Empathy Advantage by Elena Vasquez,"In The Empathy Advantage by Elena Vasquez, Elena Vasquez explores the science of habit formation and behaviour change and the personal cost of relentless optimisation culture. Blending rigorous data analysis with compelling narrative. readers gain actionable tools for immediate real-world impact. Spanning 350 pages of meticulously researched content, this practical business handbook has been described as 'the definitive guide to navigating complexity' — Harvard Business Review.",Books,9.54
166,Uniqlo AeroFit Compression Training Tights – moisture-wicking technology & adjustable hood and cuffs,"The Uniqlo AeroFit Compression Training Tights delivers moisture-wicking technology and adjustable hood and cuffs. Engineered for discerning customers, it features Merino wool sourced from ZQ-certified farms, laser-cut ventilation panels, and effortless layering in transitional weather. Gear up for whatever comes next.",Apparel,126.24
167,Sony ZenCore 4K Webcam – AI-Enhanced Mic & 30-Hour Battery Life,"The Sony ZenCore 4K Webcam delivers AI-Enhanced Mic and 30-Hour Battery Life. Engineered for discerning customers, it features graphene-coated membrane, per-key actuation logging, and ambient sound pass-through mode. Perfect for remote workers, commuters, and audiophiles alike.",Electronics,403.67
168,Columbia AlpineShield Lightweight Cargo Shorts – UPF 50+ sun protection & adjustable hood and cuffs,"The Columbia AlpineShield Lightweight Cargo Shorts delivers UPF 50+ sun protection and adjustable hood and cuffs. Engineered for discerning customers, it features 100% GOTS-certified organic cotton, enzyme-washed finish, and effortless layering in transitional weather. Comfort that keeps pace with your lifestyle.",Apparel,232.2
169,Untangling Complexity by Claire Fontaine,"In Untangling Complexity by Claire Fontaine, Claire Fontaine explores the science of habit formation and behaviour change and the personal cost of relentless optimisation culture. Drawing on decades of field research and exclusive interviews. the book reframes conventional wisdom with striking clarity. Spanning 320 pages that balance depth with accessibility, this authoritative non-fiction account has been described as 'essential reading for anyone curious about the future' — MIT Tech Review.",Books,30.9
170,KitchenAid ProChef Robot Vacuum & Mop Combo – 75 dB ultra-quiet operation & app-based scheduling,"The KitchenAid ProChef Robot Vacuum & Mop Combo delivers 75 dB ultra-quiet operation and app-based scheduling. Engineered for discerning customers, it features BPA-free Tritan co-polyester, a 19-bar Italian pump and pre-infusion system, and restaurant-grade sous vide cooking for home chefs. Elevate your morning ritual, every single day.",Home,77.48
171,Nespresso ClearAir Weighted Blanket – HEPA H13 filtration & voice-assistant integration,"The Nespresso ClearAir Weighted Blanket delivers HEPA H13 filtration and voice-assistant integration. Engineered for discerning customers, it features sustainably sourced moso bamboo, a 19-bar Italian pump and pre-infusion system, and professional baking and cooking results at home. Transform your home into a smart sanctuary.",Home,42.03
172,SteelSeries ClearCast Portable Charger – Multi-Device Pairing & USB-C PD 100 W,"The SteelSeries ClearCast Portable Charger delivers Multi-Device Pairing and USB-C PD 100 W. Engineered for discerning customers, it features 6-core DSP chip, dedicated bass radiator, and hardware-level encryption for secure calls. Where premium sound meets everyday convenience.",Electronics,36.69
173,The Last Algorithm by James Calloway,"In The Last Algorithm by James Calloway, James Calloway explores the neuroscience of creativity and focus and the personal cost of relentless optimisation culture. Combining vivid personal storytelling with hard empirical evidence. the author presents a fresh framework for navigating uncertainty. Spanning 320 pages that balance depth with accessibility, this award-winning memoir has been described as 'essential reading for anyone curious about the future' — MIT Tech Review.",Books,36.51
174,The Quiet Revolution by Thomas Lin,"In The Quiet Revolution by Thomas Lin, Thomas Lin explores the philosophy of ethical leadership in the digital age and how individuals can thrive amid rapid change. Combining vivid personal storytelling with hard empirical evidence. readers gain actionable tools for immediate real-world impact. Spanning 320 pages that balance depth with accessibility, this practical business handbook has been described as 'transformative, urgent, and beautifully written' — The Guardian.",Books,24.71
175,Vitamix EcoLiving Programmable Coffee Maker – LiDAR-guided navigation & real-time air-quality display,"The Vitamix EcoLiving Programmable Coffee Maker delivers LiDAR-guided navigation and real-time air-quality display. Engineered for discerning customers, it features food-grade stainless steel 18/10, a 19-bar Italian pump and pre-infusion system, and restaurant-grade sous vide cooking for home chefs. Elevate your morning ritual, every single day.",Home,366.53
176,Cuisinart EcoLiving Sous Vide Precision Cooker – 7-in-1 cooking modes & built-in milk frother,"The Cuisinart EcoLiving Sous Vide Precision Cooker delivers 7-in-1 cooking modes and built-in milk frother. Engineered for discerning customers, it features sustainably sourced moso bamboo, a 5.5 L stainless steel bowl, and all-day comfort with temperature-regulating fill. Elevate your morning ritual, every single day.",Home,90.46
177,The Empathy Advantage by Elena Vasquez,"In The Empathy Advantage by Elena Vasquez, Elena Vasquez explores the history of artificial intelligence from its roots and the overlooked voices that shaped a scientific revolution. Grounded in peer-reviewed cognitive science. the author presents a fresh framework for navigating uncertainty. Spanning 280 pages of concise, high-impact insights, this authoritative non-fiction account has been described as 'transformative, urgent, and beautifully written' — The Guardian.",Books,37.79
178,Champion DriLayer Waterproof Shell Parka – wind-resistant outer shell & hidden zip pockets,"The Champion DriLayer Waterproof Shell Parka delivers wind-resistant outer shell and hidden zip pockets. Engineered for discerning customers, it features 100% GOTS-certified organic cotton, bonded hem tape, and weekend trips and everyday casual wear. Built for the planet, built for performance.",Apparel,43.51
179,Dyson PureClean Programmable Coffee Maker – 7-in-1 cooking modes & real-time air-quality display,"The Dyson PureClean Programmable Coffee Maker delivers 7-in-1 cooking modes and real-time air-quality display. Engineered for discerning customers, it features BPA-free Tritan co-polyester, a 1200 W immersion circulator, and restaurant-grade sous vide cooking for home chefs. Precision craftsmanship for everyday cooking.",Home,193.88
180,Champion TrailBlaze Performance Polo Shirt – moisture-wicking technology & reflective safety detailing,"The Champion TrailBlaze Performance Polo Shirt delivers moisture-wicking technology and reflective safety detailing. Engineered for discerning customers, it features Merino wool sourced from ZQ-certified farms, enzyme-washed finish, and effortless layering in transitional weather. Gear up for whatever comes next.",Apparel,111.53
181,The Empathy Advantage by Dr. Sarah Brennan,"In The Empathy Advantage by Dr. Sarah Brennan, Dr. Sarah Brennan explores the hidden forces shaping modern economics and strategies for building resilient organisations. Drawing on decades of field research and exclusive interviews. the book reframes conventional wisdom with striking clarity. Spanning 500 pages that read like a page-turning narrative, this authoritative non-fiction account has been described as 'a must-read that will change how you see the world' — Nature.",Books,22.46
182,The Human Edge by Claire Fontaine,"In The Human Edge by Claire Fontaine, Claire Fontaine explores the philosophy of ethical leadership in the digital age and the overlooked voices that shaped a scientific revolution. Grounded in peer-reviewed cognitive science. it provides a roadmap that is both inspiring and deeply practical. Spanning 350 pages of meticulously researched content, this bestselling self-help guide has been described as 'a landmark work for our times' — The Economist.",Books,29.75
183,Thinking in Systems by Aisha Okonkwo,"In Thinking in Systems by Aisha Okonkwo, Aisha Okonkwo explores the neuroscience of creativity and focus and the surprising psychology of risk and reward. Blending rigorous data analysis with compelling narrative. it challenges assumptions held by experts and laypeople alike. Spanning 320 pages that balance depth with accessibility, this bestselling self-help guide has been described as 'transformative, urgent, and beautifully written' — The Guardian.",Books,43.52
184,The Last Algorithm by Aisha Okonkwo,"In The Last Algorithm by Aisha Okonkwo, Aisha Okonkwo explores the hidden forces shaping modern economics and the surprising psychology of risk and reward. Weaving together case studies from five continents. it provides a roadmap that is both inspiring and deeply practical. Spanning 320 pages that balance depth with accessibility, this celebrated essay collection has been described as 'a landmark work for our times' — The Economist.",Books,29.1
185,Anker AuraSync Ergonomic Trackpad – Fast Charging & USB-C PD 100 W,"The Anker AuraSync Ergonomic Trackpad delivers Fast Charging and USB-C PD 100 W. Engineered for discerning customers, it features graphene-coated membrane, f/1.8 wide aperture lens, and hardware-level encryption for secure calls. Your creative workflow, supercharged.",Electronics,424.4
186,Belkin ProMax Smart Plug Strip – Active Noise Cancellation & IPX5 Water Resistance,"The Belkin ProMax Smart Plug Strip delivers Active Noise Cancellation and IPX5 Water Resistance. Engineered for discerning customers, it features 6-core DSP chip, planar magnetic transducer, and hardware-level encryption for secure calls. Your creative workflow, supercharged.",Electronics,332.53
187,Code & Culture by David Osei,"In Code & Culture by David Osei, David Osei explores the history of artificial intelligence from its roots and the surprising psychology of risk and reward. Combining vivid personal storytelling with hard empirical evidence. it challenges assumptions held by experts and laypeople alike. Spanning 280 pages of concise, high-impact insights, this gripping debut novel has been described as 'the definitive guide to navigating complexity' — Harvard Business Review.",Books,18.27
188,Vitamix IntelliCook Sous Vide Precision Cooker – 7-in-1 cooking modes & room-mapping with no-go zones,"The Vitamix IntelliCook Sous Vide Precision Cooker delivers 7-in-1 cooking modes and room-mapping with no-go zones. Engineered for discerning customers, it features aircraft-grade anodised aluminium, dual spinning side-brushes and V-shaped main brush, and barista-quality espresso at the touch of a button. Elevate your morning ritual, every single day.",Home,200.4
189,The Quiet Revolution by Dr. Marcus Webb,"In The Quiet Revolution by Dr. Marcus Webb, Dr. Marcus Webb explores the neuroscience of creativity and focus and the surprising psychology of risk and reward. Weaving together case studies from five continents. it challenges assumptions held by experts and laypeople alike. Spanning 500 pages that read like a page-turning narrative, this bestselling self-help guide has been described as 'essential reading for anyone curious about the future' — MIT Tech Review.",Books,39.94
190,Champion DriLayer Merino Wool Crew-Neck Sweater – wind-resistant outer shell & hidden zip pockets,"The Champion DriLayer Merino Wool Crew-Neck Sweater delivers wind-resistant outer shell and hidden zip pockets. Engineered for discerning customers, it features DWR-treated ripstop nylon, flatlock seams for chafe-free comfort, and high-intensity training in all conditions. Where function meets timeless style.",Apparel,73.25
191,Cuisinart SmartHome Sous Vide Precision Cooker – self-emptying dustbin & dishwasher-safe components,"The Cuisinart SmartHome Sous Vide Precision Cooker delivers self-emptying dustbin and dishwasher-safe components. Engineered for discerning customers, it features food-grade stainless steel 18/10, dual spinning side-brushes and V-shaped main brush, and professional baking and cooking results at home. Designed to simplify. Built to last.",Home,292.07
192,Logitech NovaSeries USB-C Hub – Multi-Device Pairing & Thunderbolt 4 Pass-Through,"The Logitech NovaSeries USB-C Hub delivers Multi-Device Pairing and Thunderbolt 4 Pass-Through. Engineered for discerning customers, it features PixArt 3395 sensor, per-key actuation logging, and real-time noise suppression powered by AI. Perfect for remote workers, commuters, and audiophiles alike.",Electronics,63.21
193,The Design of Everyday Decisions by Dr. Sarah Brennan,"In The Design of Everyday Decisions by Dr. Sarah Brennan, Dr. Sarah Brennan explores the hidden forces shaping modern economics and the overlooked voices that shaped a scientific revolution. Combining vivid personal storytelling with hard empirical evidence. it challenges assumptions held by experts and laypeople alike. Spanning 350 pages of meticulously researched content, this practical business handbook has been described as 'a landmark work for our times' — The Economist.",Books,19.81
194,Carhartt PureCotton Waterproof Shell Parka – recycled material construction & reflective safety detailing,"The Carhartt PureCotton Waterproof Shell Parka delivers recycled material construction and reflective safety detailing. Engineered for discerning customers, it features 88% recycled polyester / 12% elastane, enzyme-washed finish, and all-day wear from office to outdoor adventure. Comfort that keeps pace with your lifestyle.",Apparel,185.95
195,Breville ClearAir Air Purifier – self-emptying dustbin & real-time air-quality display,"The Breville ClearAir Air Purifier delivers self-emptying dustbin and real-time air-quality display. Engineered for discerning customers, it features sustainably sourced moso bamboo, a 1200 W immersion circulator, and effortless floor-to-ceiling cleaning on a single charge. Precision craftsmanship for everyday cooking.",Home,227.09
196,Cuisinart IntelliCook Bamboo Cutting Board Set – 7-in-1 cooking modes & app-based scheduling,"The Cuisinart IntelliCook Bamboo Cutting Board Set delivers 7-in-1 cooking modes and app-based scheduling. Engineered for discerning customers, it features sustainably sourced moso bamboo, a 0.9 L removable water reservoir, and restaurant-grade sous vide cooking for home chefs. Transform your home into a smart sanctuary.",Home,62.78
197,Adidas AlpineShield Organic Cotton T-Shirt – wind-resistant outer shell & articulated knee panelling,"The Adidas AlpineShield Organic Cotton T-Shirt delivers wind-resistant outer shell and articulated knee panelling. Engineered for discerning customers, it features Merino wool sourced from ZQ-certified farms, YKK® AquaGuard zippers, and all-day wear from office to outdoor adventure. Gear up for whatever comes next.",Apparel,134.63
198,Shark SmartHome Air Purifier – HEPA H13 filtration & tilt-head attachment hub,"The Shark SmartHome Air Purifier delivers HEPA H13 filtration and tilt-head attachment hub. Engineered for discerning customers, it features BPA-free Tritan co-polyester, a 19-bar Italian pump and pre-infusion system, and restaurant-grade sous vide cooking for home chefs. Elevate your morning ritual, every single day.",Home,70.63
199,JBL NovaSeries Portable Charger – AI-Enhanced Mic & USB-C PD 100 W,"The JBL NovaSeries Portable Charger delivers AI-Enhanced Mic and USB-C PD 100 W. Engineered for discerning customers, it features PixArt 3395 sensor, f/1.8 wide aperture lens, and ambient sound pass-through mode. Engineered to keep up with your ambitions.",Electronics,181.45
200,The Design of Everyday Decisions by Claire Fontaine,"In The Design of Everyday Decisions by Claire Fontaine, Claire Fontaine explores the science of habit formation and behaviour change and why diversity drives measurable innovation outcomes. Weaving together case studies from five continents. the book reframes conventional wisdom with striking clarity. Spanning 350 pages of meticulously researched content, this practical business handbook has been described as 'transformative, urgent, and beautifully written' — The Guardian.",Books,21.9
